-- MySQL dump 10.13  Distrib 8.0.27, for Win64 (x86_64)
--
-- Host: localhost    Database: animal_match_com
-- ------------------------------------------------------
-- Server version	8.0.27

/*!40101 SET @OLD_CHARACTER_SET_CLIENT=@@CHARACTER_SET_CLIENT */;
/*!40101 SET @OLD_CHARACTER_SET_RESULTS=@@CHARACTER_SET_RESULTS */;
/*!40101 SET @OLD_COLLATION_CONNECTION=@@COLLATION_CONNECTION */;
/*!50503 SET NAMES utf8mb4 */;
/*!40103 SET @OLD_TIME_ZONE=@@TIME_ZONE */;
/*!40103 SET TIME_ZONE='+00:00' */;
/*!40014 SET @OLD_UNIQUE_CHECKS=@@UNIQUE_CHECKS, UNIQUE_CHECKS=0 */;
/*!40014 SET @OLD_FOREIGN_KEY_CHECKS=@@FOREIGN_KEY_CHECKS, FOREIGN_KEY_CHECKS=0 */;
/*!40101 SET @OLD_SQL_MODE=@@SQL_MODE, SQL_MODE='NO_AUTO_VALUE_ON_ZERO' */;
/*!40111 SET @OLD_SQL_NOTES=@@SQL_NOTES, SQL_NOTES=0 */;

--
-- Table structure for table `animalbases`
--

DROP TABLE IF EXISTS `animalbases`;
/*!40101 SET @saved_cs_client     = @@character_set_client */;
/*!50503 SET character_set_client = utf8mb4 */;
CREATE TABLE `animalbases` (
  `id` int NOT NULL AUTO_INCREMENT,
  `base_breed_flag` int NOT NULL,
  `base_comment` varchar(255) NOT NULL,
  `base_difficulty` int NOT NULL,
  `base_image` varchar(255) DEFAULT NULL,
  `base_name` varchar(255) NOT NULL,
  `base_size` int NOT NULL,
  `created_at` datetime(6) NOT NULL,
  `updated_at` datetime(6) NOT NULL,
  PRIMARY KEY (`id`)
) ENGINE=InnoDB AUTO_INCREMENT=27 DEFAULT CHARSET=utf8mb3;
/*!40101 SET character_set_client = @saved_cs_client */;

--
-- Dumping data for table `animalbases`
--

LOCK TABLES `animalbases` WRITE;
/*!40000 ALTER TABLE `animalbases` DISABLE KEYS */;
INSERT INTO `animalbases` VALUES (1,0,'オーストラリア全域に生息しています。カンガルーと触れ合える動物園はいくつかあります。憧れのマッスルボディーを一緒に鍛えましょう。',3,'カンガルー1.JPG','カンガルー',1,'2022-04-04 04:04:04.000000','2022-04-04 04:04:04.000000'),(2,0,'ユーカリが大好きなコアラです。餌の調達に困ったら動物園に相談してみてください。1日16時間も寝ています',3,'コアラ2.jpg','コアラ',1,'2022-04-04 04:04:04.000000','2022-04-04 04:04:04.000000'),(3,1,'日中は水の中にいて、夜になると陸上で草を食べる夜行性の生活をしています。大きなプールと庭があるといいですね。\r\n\r\nおとなしいですが怒ると手がつけられません。体重は3tにもなります。\r\n',3,'カバ3.JPG','カバ',0,'2022-04-04 04:04:04.000000','2022-04-04 04:04:04.000000'),(4,0,'体長4〜5m。地球上で最も背の高い動物です。\r\n\r\nキリンを襲う動物はあまりいませんが、ライオンなどに襲われると時速50kmのスピードで走って逃げることができます。',5,'キリン4.JPG','キリン',0,'2022-04-04 04:04:05.000000','2022-04-04 04:04:05.000000'),(5,0,'体長105～135cm。世界最大のネズミの仲間です。体毛はチクチクしています。泳ぐことが得意で前脚後脚には水かきがついています。温泉も喜びます。',2,'カピバラ5.JPG','カピバラ',1,'2022-04-04 04:04:06.000000','2022-04-04 04:04:06.000000'),(6,1,'体長3m前後。体重150〜250kg。ライオンは、ネコ科には珍しく群れをつくって暮らしています。\r\n\r\nマイクタイソンも飼っているそうですね。憧れですが、当サイトでは個人向けの販売はしておりません',5,'ライオン6.JPG','ライオン',0,'2022-04-04 04:04:17.000000','2022-04-04 04:04:17.000000'),(7,1,'体長3,7〜4m。体重2t。立派な2本の角を武器に突進して闘う姿はとても迫力がありますが、普段はおとなしい性質です。\r\n\r\nサイは世界中に5種類いますが、そのうちの2種類は絶滅の危機なんです。',5,'サイ7.JPG','サイ',0,'2022-04-04 04:04:07.000000','2022-04-04 04:04:07.000000'),(8,0,'モコモコしているのが特徴です。映画ズートピアを観た後だと、可愛らしい羊もなんだか悪いこと企んでいそうに見えます。\r\n\r\n動物園では乾草、ペレット、キャベツを与えています。',2,'ヒツジ8.JPG','ヒツジ',1,'2022-04-04 04:04:08.000000','2022-04-04 04:04:08.000000'),(9,0,'上品な佇まいのフラミンゴです。多くの動物園では3～4種類飼育しています。\r\n\r\n色の違いをよく見てくださいね。尖ったクチバシですがシリコンみたいに柔らかいんです。',2,'フラミンゴ9.JPG','フラミンゴ',1,'2022-04-04 04:04:09.000000','2022-04-04 04:04:09.000000'),(10,0,'元気に動き回ります。懐きますがメガネを取ったりいたずらな一面もありますので、飼育のときはご注意を。\r\n数匹一緒に飼ってもきっと楽しいです。',2,'リスザル10.JPG','リスザル',2,'2022-04-10 04:04:08.000000','2022-04-10 04:04:08.000000'),(11,0,'水族館でも大人気のペンギンです。よちよち歩く姿がキュートです。泳げるプールを用意してあげましょう。\r\n数匹一緒に飼ってもきっと楽しいです。',3,'ペンギン11.JPG','ペンギン',2,'2022-04-11 04:04:08.000000','2022-04-11 04:04:08.000000'),(12,0,'ライオンキングでもおなじみのミーアキャットです。慣れると人にも寄ってきますよ。\r\n穴を掘る仕草がとても可愛らしいです。砂場を与えてあげましょう。',3,'ミーアキャット12.JPG','ミーアキャット',2,'2022-04-12 04:04:08.000000','2022-04-12 04:04:08.000000'),(13,1,'じっとしているワニですが、個人での飼育は危険で。見たくなったら別府のワニ地獄に行きましょう。\r\n',4,'ワニ13.JPG','ワニ',1,'2022-04-13 04:04:08.000000','2022-04-13 04:04:08.000000'),(14,1,'絶滅危惧種に指定されており、世界の動物園での飼育数は50頭ぐらいで、そのうち日本に13羽のようです。\r\n全く動かない姿で有名ですが、エサを確実に捉えるためにその時までじっとしているみたいです。',3,'ハシビロコウ14.JPG','ハシビロコウ',1,'2022-04-14 04:04:04.000000','2022-04-14 04:04:04.000000'),(15,0,'世界握力ランキング2位のオラウータンです。人間の10倍程なので、握手はやめておきましょう。\r\n絶滅危惧種になっています。',3,'オラウータン15.JPG','オラウータン',1,'2022-04-15 04:04:04.000000','2022-04-15 04:04:04.000000'),(16,0,'もこもこが可愛いアルパカです。年に１回は毛刈りが必要になります。毛色も個体によって様々です。\r\nお気に入りの１匹をぜひ探しましょう。つば吐きにはご注意を。',2,'アルパカ16.JPG','アルパカ',1,'2022-04-16 04:04:04.000000','2022-04-16 04:04:04.000000'),(17,1,'風大くんで人気白熱したレッサーパンダです。ワシントン条約で保護されているため、ペット飼育はできません。\r\n国内で繁殖させた個体は「譲渡し等の禁止」の例外扱いになるので違う動物園への受け渡しは可能です。',3,'レッサーパンダ17.JPG','レッサーパンダ',2,'2022-04-17 04:04:04.000000','2022-04-17 04:04:04.000000'),(18,0,'しゃもじのようなクチバシが特徴のクロツラヘラサギです。世界に4000羽ほどしか確認されていないそうです。\r\n動物園では主にアジやドジョウなどの魚をあたえています。',3,'クロツラヘラサギ18.JPG','クロツラヘラサギ',2,'2022-04-18 04:04:04.000000','2022-04-18 04:04:04.000000'),(19,0,'シマリスは敵に襲われると尻尾を捨てて逃げるみたいです。トカゲ作戦も、尻尾は再生しないので注意してください。\r\nペットショップでも買えますが、動物園で元気いっぱいに走るやんちゃな相棒を探してはどうでしょうか',2,'リス19.jpg','リス',2,'2022-04-19 04:04:04.000000','2022-04-19 04:04:04.000000'),(20,0,'ふわふわなフォルム、パンダのような白黒模様。写真も取りやすくてお気に入りの動物です。\r\nロープにぶら下がったり動き回ったりするので、室内でも広いスペースを用意してくださいね',2,'クロシロエリマキキツネザル20.JPG','クロシロエリマキキツネザル',2,'2022-04-20 04:04:04.000000','2022-04-20 04:04:04.000000'),(21,1,'トラは他の動物と比べて子供を大変愛情深く育てるそうです。まさに虎の子ですね。\r\n夫婦、親子の間で厚い情を持つ動物として家内安全、家庭円満の縁起物でもあるそう。寅年はいい一年になりそうです。',5,'トラ21.JPG','トラ',0,'2022-04-21 04:04:04.000000','2022-04-21 04:04:04.000000'),(22,0,'日本最大級の猛禽類です。全体的に黒っぽい姿に、黄色のクチバシが特徴です。\r\nオオワシは極東に住むのでロシア極東のオホーツク海沿岸、北海道に行かなくては見れません。',4,'オオワシ22.JPG','オオワシ',1,'2022-04-22 04:04:04.000000','2022-04-22 04:04:04.000000'),(23,0,'映画や漫画で馴染みはあっても自然のコウモリは見る機会はあまりないでしょう。\r\n暗闇でなくても飼育できます。あまり顔を見せてくれないのが残念です。',2,'コウモリ23.JPG','コウモリ',2,'2022-04-23 04:04:04.000000','2022-04-23 04:04:04.000000'),(24,1,'真っ白なクマかと思いきや、地肌は黒色で毛は透明。皮膚を黒くすることで寒冷地でも太陽熱を吸収できるようにですね。\r\n動物園では１匹しか見れないですね。しかも遠い...!。',2,'ホッキョクグマ24.jpg','ホッキョクグマ',0,'2022-04-24 04:04:04.000000','2022-04-24 04:04:04.000000'),(25,0,'猫っぽい動物のチーターです。もちろん肉食ですがライオンやトラと違い人懐っこい性格で甘えてきます。\r\nワシントン条約対象のため輸入は困難ですが、動物園からなら購入できることでしょう。',5,'チーター25.JPG','チーター',1,'2022-04-25 04:04:04.000000','2022-04-25 04:04:04.000000'),(26,0,'大きなクチバシとのど袋が特徴的なペリカンです。もちろん捕食のためですが、夏場はのど袋を膨らませて体温を下げるそう。\r\n近くでカメラを構えると攻撃してきます。',5,'ペリカン26.JPG','ペリカン',1,'2022-04-26 04:04:04.000000','2022-04-26 04:04:04.000000');
/*!40000 ALTER TABLE `animalbases` ENABLE KEYS */;
UNLOCK TABLES;

--
-- Table structure for table `animals`
--

DROP TABLE IF EXISTS `animals`;
/*!40101 SET @saved_cs_client     = @@character_set_client */;
/*!50503 SET character_set_client = utf8mb4 */;
CREATE TABLE `animals` (
  `id` int NOT NULL AUTO_INCREMENT,
  `animal_age` int NOT NULL,
  `animal_comment` longtext NOT NULL,
  `animal_image` varchar(255) DEFAULT NULL,
  `animal_sex` int NOT NULL,
  `created_at` datetime(6) NOT NULL,
  `nickname` varchar(255) NOT NULL,
  `price_for_cust` int NOT NULL,
  `price_for_zoo` int NOT NULL,
  `sold_flag` int NOT NULL,
  `updated_at` datetime(6) NOT NULL,
  `base_id` int NOT NULL,
  `zoo_id` int NOT NULL,
  PRIMARY KEY (`id`),
  KEY `FKdjxe7x9a4tmpc9hwcocpb8hbs` (`base_id`),
  KEY `FKs3m4ctewq9ercknbp86dv05fn` (`zoo_id`),
  CONSTRAINT `FKdjxe7x9a4tmpc9hwcocpb8hbs` FOREIGN KEY (`base_id`) REFERENCES `animalbases` (`id`),
  CONSTRAINT `FKs3m4ctewq9ercknbp86dv05fn` FOREIGN KEY (`zoo_id`) REFERENCES `zoos` (`id`)
) ENGINE=InnoDB AUTO_INCREMENT=35 DEFAULT CHARSET=utf8mb3;
/*!40101 SET character_set_client = @saved_cs_client */;

--
-- Dumping data for table `animals`
--

LOCK TABLES `animals` WRITE;
/*!40000 ALTER TABLE `animals` DISABLE KEYS */;
INSERT INTO `animals` VALUES (8,1,'元気な子ですよ','No5-327887415たぬき.jpg',0,'2022-04-29 21:43:29.290493','しんしん',223333,89898,1,'2022-05-07 21:41:37.052692',1,17),(10,4,'ドラゴンズ魂を持ったコアラです。','五右衛門動物園418946093',1,'2022-04-30 22:53:11.505727','どらこ',1000000,1400000,0,'2022-05-10 21:17:36.106466',2,17),(11,6,'凶暴です',NULL,0,'2022-05-01 20:10:06.975114','太郎君',-1,9000000,1,'2022-05-01 20:10:06.975114',3,17),(12,10,'カピバラくんです。','五右衛門動物園1631173321DSC_0990.JPG',1,'2022-05-01 20:13:47.189712','ぽっくん',90000,65000,0,'2022-05-10 13:48:25.437160',5,17),(13,4,'カバ２号です',NULL,0,'2022-05-01 20:33:07.758620','のむら',-1,9000,1,'2022-05-01 20:33:07.758620',3,17),(14,4,'カバオくんです','五右衛門動物園-1294233848カバ1231.JPG',0,'2022-05-01 20:38:10.851944','カバオくん',-1,900000,0,'2022-05-08 20:39:31.503839',3,17),(15,4,'test',NULL,0,'2022-05-01 20:50:30.315354','kkkaba',-1,80000,1,'2022-05-01 20:50:30.315354',3,17),(16,1,'ttest',NULL,0,'2022-05-01 21:15:26.934287','のむら',-1,10000,1,'2022-05-01 21:15:26.934287',5,17),(19,4,'ライオンくんです','五右衛門動物園2115386414',1,'2022-05-03 00:06:36.621075','ガオガオ',10000,400000,1,'2022-05-07 21:35:13.165656',6,17),(20,11,'屈強な体です。惚れ惚れします','五右衛門動物園-1721242616',2,'2022-05-03 01:01:39.353721','さいくん',-1,800008,1,'2022-05-07 21:36:32.032095',7,17),(21,3,'初めてのカンガルーにどうぞ',NULL,1,'2022-05-06 11:13:41.074369','テンクン',30000,70000,0,'2022-05-06 11:13:41.074369',1,18),(22,1,'コアラです。格安です',NULL,0,'2022-05-06 11:14:13.349445','コアラン',3000,3000,0,'2022-05-06 11:14:13.349445',2,18),(23,1,'ドラコの子供です。まだ小さいです','五右衛門動物園303806216',1,'2022-05-07 01:05:41.262384','ドラコ2号',10000,22000,0,'2022-05-10 13:46:36.647111',2,17),(24,2,'まだ子供のハシビロコウです。\r\n羽を広げたりして、動くことが多いです。','五右衛門動物園-1076004746078.jpg',0,'2022-05-08 18:01:40.690127','はっしー',-1,300000,1,'2022-05-10 22:13:41.947417',14,17),(25,15,'食欲旺盛な黒毛アルパカです','五右衛門動物園350912027DSC_1745.JPG',0,'2022-05-08 18:36:03.140643','あるある',200000,230000,0,'2022-05-10 13:44:25.925498',16,17),(26,7,'筋肉隆々の個体です。','五右衛門動物園-625707110アカカンガルーda.JPG',0,'2022-05-08 18:39:56.420913','ガチムチオ',430000,300000,0,'2022-05-08 18:39:56.420913',1,17),(27,11,'いい毛皮が取れるヒツジです。','三十路動物園1295244612qeqr11.JPG',1,'2022-05-08 18:50:14.955921','ひーこ',210000,100000,0,'2022-05-08 18:50:14.955921',8,19),(28,3,'とても元気です。\r\nよく穴をほっています。','三十路動物園-1074325772DSC_4629.JPG',0,'2022-05-08 18:51:28.538797','ここたろ',220000,100000,0,'2022-05-08 18:51:28.538797',12,19),(29,1,'たくさんいて困っています。\r\nお好きなリスを探しに来てください。','三十路動物園1139585340',0,'2022-05-08 18:52:23.639677','りんりん',40000,10000,0,'2022-05-08 18:52:23.639677',19,19),(30,10,'イタズラ好きなキリンです！\r\n','三十路動物園1717972535',1,'2022-05-08 18:59:05.201442','キリ子',400000,300000,1,'2022-05-11 16:57:43.000800',4,19),(32,5,'元気な個体のリスザルです。つぶらな瞳が可愛いです。','五右衛門動物園-1136018311DSC_6159.JPG',1,'2022-05-08 23:57:45.900576','ミズキン',80000,40000,1,'2022-05-10 21:51:46.344831',10,17),(33,33,'けむけじゃらですです','五右衛門動物園-943377388オラウータン15.JPG',1,'2022-05-10 23:46:56.866898','オラくん',1000,3000000,0,'2022-05-10 23:46:56.866898',15,17),(34,12,'つがいでの販売も可能ですよ。','市中動物園-959839943DSC_6573.JPG',0,'2022-05-11 16:34:52.400073','サギマル',50000,20000,0,'2022-05-11 16:35:14.999546',18,20);
/*!40000 ALTER TABLE `animals` ENABLE KEYS */;
UNLOCK TABLES;

--
-- Table structure for table `chats`
--

DROP TABLE IF EXISTS `chats`;
/*!40101 SET @saved_cs_client     = @@character_set_client */;
/*!50503 SET character_set_client = utf8mb4 */;
CREATE TABLE `chats` (
  `id` int NOT NULL AUTO_INCREMENT,
  `companion_id` int DEFAULT NULL,
  `my_id` int DEFAULT NULL,
  PRIMARY KEY (`id`),
  KEY `FK2yu0qt3xcr3w007yqtikucjxd` (`companion_id`),
  KEY `FK34uetsm72tk75hqcg83hu2bbu` (`my_id`),
  CONSTRAINT `FK2yu0qt3xcr3w007yqtikucjxd` FOREIGN KEY (`companion_id`) REFERENCES `users` (`id`),
  CONSTRAINT `FK34uetsm72tk75hqcg83hu2bbu` FOREIGN KEY (`my_id`) REFERENCES `users` (`id`)
) ENGINE=InnoDB AUTO_INCREMENT=15 DEFAULT CHARSET=utf8mb3;
/*!40101 SET character_set_client = @saved_cs_client */;

--
-- Dumping data for table `chats`
--

LOCK TABLES `chats` WRITE;
/*!40000 ALTER TABLE `chats` DISABLE KEYS */;
INSERT INTO `chats` VALUES (1,33,38),(2,38,33),(3,33,33),(4,33,33),(5,33,39),(6,39,33),(7,33,40),(8,40,33),(9,40,38),(10,38,40),(11,33,42),(12,42,33),(13,42,38),(14,38,42);
/*!40000 ALTER TABLE `chats` ENABLE KEYS */;
UNLOCK TABLES;

--
-- Table structure for table `comments`
--

DROP TABLE IF EXISTS `comments`;
/*!40101 SET @saved_cs_client     = @@character_set_client */;
/*!50503 SET character_set_client = utf8mb4 */;
CREATE TABLE `comments` (
  `id` int NOT NULL AUTO_INCREMENT,
  `content` longtext NOT NULL,
  `created_at` datetime(6) NOT NULL,
  `edit_flag` int NOT NULL,
  `updated_at` datetime(6) NOT NULL,
  `ani_id` int NOT NULL,
  `chat_id` int NOT NULL,
  PRIMARY KEY (`id`),
  KEY `FKiosl2ee6lwdddoj2o5x9d1r76` (`ani_id`),
  KEY `FKcrlaal6xrfgf6vx0lcdiy93l9` (`chat_id`),
  CONSTRAINT `FKcrlaal6xrfgf6vx0lcdiy93l9` FOREIGN KEY (`chat_id`) REFERENCES `chats` (`id`),
  CONSTRAINT `FKiosl2ee6lwdddoj2o5x9d1r76` FOREIGN KEY (`ani_id`) REFERENCES `animals` (`id`)
) ENGINE=InnoDB AUTO_INCREMENT=63 DEFAULT CHARSET=utf8mb3;
/*!40101 SET character_set_client = @saved_cs_client */;

--
-- Dumping data for table `comments`
--

LOCK TABLES `comments` WRITE;
/*!40000 ALTER TABLE `comments` DISABLE KEYS */;
INSERT INTO `comments` VALUES (1,'first メッセージNo1','2022-05-05 17:23:27.928630',1,'2022-05-06 21:37:28.267361',10,1),(4,'zoo5からのメッセージ','2022-05-05 17:43:29.873357',0,'2022-05-05 17:43:29.873357',10,2),(6,'レイアウト完成\r\nしました。','2022-05-05 22:25:21.929786',0,'2022-05-05 22:25:21.929786',10,1),(13,'cust20からコアラ宛のメッセージ','2022-05-05 23:13:17.090100',0,'2022-05-05 23:13:17.090100',10,5),(14,'cust10からコアラのメッセージ','2022-05-05 23:22:19.278475',0,'2022-05-05 23:22:19.278475',10,1),(16,'zoo10からコアラ向けのメッセージ','2022-05-05 23:34:36.142598',0,'2022-05-05 23:34:36.142598',10,7),(17,'cust２０からカピバラのむら宛のメッセージ','2022-05-06 00:13:48.202930',0,'2022-05-06 00:13:48.202930',16,5),(18,'取得できたかも','2022-05-06 00:22:35.343528',0,'2022-05-06 00:22:35.343528',10,1),(19,'cust10からサイへのメッセージ','2022-05-06 10:56:43.205794',0,'2022-05-06 10:56:43.205794',20,1),(23,'リダイレクトのリンク修正リダイレクトのリンク修正リダイレクトのリンク修正','2022-05-06 11:07:25.284828',0,'2022-05-06 11:07:25.284828',10,1),(24,'テン動物園さん、コアラン気になります。by cust10','2022-05-06 11:15:01.001397',0,'2022-05-06 11:15:01.001397',22,9),(26,'返信お待ちしています。','2022-05-06 14:23:50.942800',0,'2022-05-06 14:23:50.942800',22,9),(28,'フォーム変更','2022-05-06 16:29:07.446554',0,'2022-05-06 16:29:07.446554',10,1),(29,'削除実装後の新しいメッセージです。','2022-05-06 21:45:45.692608',0,'2022-05-06 21:45:45.692608',10,1),(33,'しんしん、画像を変えませんか？','2022-05-06 22:18:31.268127',0,'2022-05-06 22:18:31.268127',8,1),(34,'テン動物園のカンガルーてんくんへ。（　zoo5より','2022-05-06 23:09:47.055722',1,'2022-05-06 23:32:40.065011',21,8),(35,'五右衛門さん、ドラコ2号ほしいです。(cust10より','2022-05-07 01:06:42.579148',0,'2022-05-07 01:06:42.579148',23,1),(36,'私もドラコ2号欲しいです。　　cust20より','2022-05-07 01:07:34.478740',0,'2022-05-07 01:07:34.478740',23,5),(37,'しんしんの画像変えてみます。','2022-05-07 14:06:59.532195',1,'2022-05-07 15:14:41.401316',8,2),(39,'zoo10さん、メッセージありがとうございます','2022-05-07 14:51:36.142166',0,'2022-05-07 14:51:36.142166',10,8),(40,'cust10さんへ.\r\nいつもありがとうございますね、','2022-05-07 15:00:09.512357',1,'2022-05-07 15:11:23.344994',10,2),(41,'cust10さん、さいくんにメッセージありがとう','2022-05-07 15:18:44.211437',1,'2022-05-09 00:02:41.164369',20,2),(42,'編集しますね！','2022-05-07 15:18:48.529944',1,'2022-05-07 17:55:39.952582',20,2),(45,'ありがとう五右衛門さん！！','2022-05-07 15:24:05.813190',1,'2022-05-08 17:10:24.479902',20,1),(46,'カピパラは売れました。','2022-05-07 22:49:26.786241',0,'2022-05-07 22:49:26.786241',16,6),(48,'ガチムチオカンガルーはいい身体つきですね（zoo30より','2022-05-08 19:45:21.002988',0,'2022-05-08 19:45:21.002988',26,11),(50,'追加のメッセージです','2022-05-08 19:46:13.428504',0,'2022-05-08 19:46:13.428504',26,11),(51,'三十路動物園さん、よろしくお願いします。キリ子の話を聞かせてください。','2022-05-08 19:49:21.176985',0,'2022-05-08 19:49:21.176985',30,13),(52,'キリ子さんの情報をください。（zoo5より','2022-05-08 20:56:10.729754',0,'2022-05-08 20:56:10.729754',30,12),(53,'三十路さんの羊さん安く譲ってくれませんか？','2022-05-09 00:08:58.839946',1,'2022-05-09 00:09:13.346470',27,12),(54,'五右衛門さん、ハッシーの体調はどんな感じですか？','2022-05-09 00:11:54.015906',0,'2022-05-09 00:11:54.015906',24,1),(55,'ぽっくん気になりました！もう少し安くならないですか？','2022-05-09 01:49:39.518242',0,'2022-05-09 01:49:39.518242',12,5),(56,'白いアルパカさんですね！','2022-05-10 23:21:22.541109',0,'2022-05-10 23:21:22.541109',25,1),(57,'この取引は終了しました。','2022-05-11 01:00:58.468601',0,'2022-05-11 01:00:58.468601',8,2),(58,'新しいメッセージです','2022-05-11 11:33:39.528908',0,'2022-05-11 11:33:39.528908',21,8),(59,'キリコさんの画像をもっと見せてください','2022-05-11 11:41:31.786580',0,'2022-05-11 11:41:31.786580',30,12),(60,'コアランさんよろしくお願いします。','2022-05-11 11:48:28.853398',0,'2022-05-11 11:48:28.853398',22,8),(61,'値引きして！！！！','2022-05-11 16:06:08.473337',1,'2022-05-11 16:06:16.782415',25,1),(62,'いいですよ！','2022-05-11 16:59:52.765704',0,'2022-05-11 16:59:52.765704',27,11);
/*!40000 ALTER TABLE `comments` ENABLE KEYS */;
UNLOCK TABLES;

--
-- Table structure for table `customers`
--

DROP TABLE IF EXISTS `customers`;
/*!40101 SET @saved_cs_client     = @@character_set_client */;
/*!50503 SET character_set_client = utf8mb4 */;
CREATE TABLE `customers` (
  `id` int NOT NULL AUTO_INCREMENT,
  `created_at` datetime(6) NOT NULL,
  `customer_name` varchar(255) NOT NULL,
  `updated_at` datetime(6) NOT NULL,
  `user_id` int DEFAULT NULL,
  PRIMARY KEY (`id`),
  KEY `FKrh1g1a20omjmn6kurd35o3eit` (`user_id`),
  CONSTRAINT `FKrh1g1a20omjmn6kurd35o3eit` FOREIGN KEY (`user_id`) REFERENCES `users` (`id`)
) ENGINE=InnoDB AUTO_INCREMENT=24 DEFAULT CHARSET=utf8mb3;
/*!40101 SET character_set_client = @saved_cs_client */;

--
-- Dumping data for table `customers`
--

LOCK TABLES `customers` WRITE;
/*!40000 ALTER TABLE `customers` DISABLE KEYS */;
INSERT INTO `customers` VALUES (1,'2022-04-24 23:48:34.408038','山田太郎','2022-04-24 23:48:34.408038',5),(2,'2022-04-25 15:12:49.886632','山田太郎それがし222','2022-04-26 15:32:47.372280',7),(3,'2022-04-25 15:16:22.128704','田中太郎','2022-04-25 15:16:22.128704',9),(4,'2022-04-26 15:44:58.357279','ミスター大谷','2022-04-26 15:44:58.357279',12),(21,'2022-05-05 16:37:15.445970','お試し太郎','2022-05-11 16:55:56.492641',38),(22,'2022-05-05 23:12:42.302662','山田太郎','2022-05-05 23:12:42.302662',39),(23,'2022-05-06 13:50:49.868648','40太郎','2022-05-06 13:50:49.868648',41);
/*!40000 ALTER TABLE `customers` ENABLE KEYS */;
UNLOCK TABLES;

--
-- Table structure for table `users`
--

DROP TABLE IF EXISTS `users`;
/*!40101 SET @saved_cs_client     = @@character_set_client */;
/*!50503 SET character_set_client = utf8mb4 */;
CREATE TABLE `users` (
  `id` int NOT NULL AUTO_INCREMENT,
  `code` varchar(255) NOT NULL,
  `delete_flag` int NOT NULL,
  `password` varchar(64) NOT NULL,
  `user_flag` int NOT NULL,
  PRIMARY KEY (`id`),
  UNIQUE KEY `UK_71vrxovabe8x9tom8xwefi3e7` (`code`)
) ENGINE=InnoDB AUTO_INCREMENT=44 DEFAULT CHARSET=utf8mb3;
/*!40101 SET character_set_client = @saved_cs_client */;

--
-- Dumping data for table `users`
--

LOCK TABLES `users` WRITE;
/*!40000 ALTER TABLE `users` DISABLE KEYS */;
INSERT INTO `users` VALUES (1,'KAK',0,'B0F72C92B775865104FF1CEE4B300FC9CED6CC2D1BA10AFD9E3971093F9EDCB8',1),(2,'001',0,'B0F72C92B775865104FF1CEE4B300FC9CED6CC2D1BA10AFD9E3971093F9EDCB8',1),(3,'1234',0,'5749D9B95128A680A28ED003C995061F5215C807B6CFAE067F18705987FF6FF1',1),(4,'A011d',0,'7B73230A83FB3AE8BC6D0F812BEDB0588466ABF380A59F275CDBAFE8AB7AAA2C',1),(5,'442',0,'7B73230A83FB3AE8BC6D0F812BEDB0588466ABF380A59F275CDBAFE8AB7AAA2C',0),(6,'A002',0,'9C398E179C5754D198F25E422604D048417FADC87530882CE68D2941131BB336',1),(7,'111',1,'B0F72C92B775865104FF1CEE4B300FC9CED6CC2D1BA10AFD9E3971093F9EDCB8',0),(8,'444',1,'7B73230A83FB3AE8BC6D0F812BEDB0588466ABF380A59F275CDBAFE8AB7AAA2C',1),(9,'112',0,'7B73230A83FB3AE8BC6D0F812BEDB0588466ABF380A59F275CDBAFE8AB7AAA2C',0),(10,'333',0,'B0F72C92B775865104FF1CEE4B300FC9CED6CC2D1BA10AFD9E3971093F9EDCB8',1),(11,'qqqq',1,'7EE6D89C20A12BDBF0C7A3D4F60A52B4B05E910C0DA6459A9DFD9968E6A69C59',1),(12,'www',0,'06D9F7D61E2AA01B4CFA08F1B3F3F2C157D715038BB3B78CCCA04E9E11C0EA2F',0),(13,'wwww',0,'01F8BA36C3059C0DF825C2CE341F30CAD4A0E3931EF3E7A52E8A5599548219AC',0),(14,'eee',0,'63E200D975057C4D15CF0A86E0CBD74DEC24CFB587517A3B9B0E5721D7B84CAC',0),(15,'dddd',0,'F0BED91EB964BEECB4BA18D59782C056B800868E50B6059CEE461D4AB327B6E5',1),(16,'dd',0,'82D64D845E318D79C49871411F159569525018C4787693347427AE626A6EAAD6',1),(17,'zzz',1,'6F81DB702B826089058685CA6D0836764EAE7E21C833FC788543C425B0C5044D',0),(18,'12345',0,'D47FDF67D44F3888EF2C648A257C13D21AC79B7D2B807B38F454AB02A5183928',0),(19,'1',0,'21CFD9520D96863E6750DB361FF7166A61C2B2AF860959B18F95949DB7701B5E',1),(20,'555',0,'65C5DB3C3DB1D6799915ACC77EBF37970AA65062360E00F3615D8556071C18D7',0),(21,'ff',0,'6BBE928A51F0A6BD64481C977133BA1181F6E6A05925DA8D6446BA72719C0479',0),(22,'99',0,'36BB5270544975789044400A8629A87DD4611A2096695BDE5C4BBB88246B522B',0),(23,'rrr',0,'4C667B87E20AE417C0A3147D7CB61EC5A506DEC097A5FA90B393112AB1EE49E4',0),(24,'vvv',0,'A07514D205E75D0E672F4240E75EC54525250BF4F0A758C9AEB0329D9CD227FF',0),(25,'T01',1,'5EF8F72C2032BBAADB1A4CBB182963978110695A35B4FB48FE6EC95C046EDCC6',0),(26,'っっｂっｂｇ',1,'87019676AB0D6B5089B8F5AA9A627C8F0E60CF432775C02A08EF5BA0C475E215',0),(27,'yyy',0,'4C8A8C448B0A71329D27A34F917A0CE2BD4800B2B609DBCFB50B4124B0E0B958',0),(28,'ffff',0,'68FA4964A18FA069B301D56AF88517C03D95FDB38E513AF453D54FD70F8A6ED6',1),(29,'zoo',0,'A07514D205E75D0E672F4240E75EC54525250BF4F0A758C9AEB0329D9CD227FF',1),(30,'zoo1',0,'A07514D205E75D0E672F4240E75EC54525250BF4F0A758C9AEB0329D9CD227FF',1),(31,'zoo2',0,'A07514D205E75D0E672F4240E75EC54525250BF4F0A758C9AEB0329D9CD227FF',1),(32,'zoo3',0,'A07514D205E75D0E672F4240E75EC54525250BF4F0A758C9AEB0329D9CD227FF',1),(33,'zoo5',0,'A07514D205E75D0E672F4240E75EC54525250BF4F0A758C9AEB0329D9CD227FF',1),(34,'cust1',1,'A07514D205E75D0E672F4240E75EC54525250BF4F0A758C9AEB0329D9CD227FF',0),(35,'hoge',1,'A07514D205E75D0E672F4240E75EC54525250BF4F0A758C9AEB0329D9CD227FF',0),(36,'ho',0,'A07514D205E75D0E672F4240E75EC54525250BF4F0A758C9AEB0329D9CD227FF',0),(37,'ss',1,'A07514D205E75D0E672F4240E75EC54525250BF4F0A758C9AEB0329D9CD227FF',0),(38,'cust10',0,'D8B461B2AC3B4647E3DAB168C93A3F4CDB5EC314873E89AFB737BE8FA851D2E8',0),(39,'cust20',0,'387610A9E998320EA74DD17EC87E688D95E9D2C5263B053D790F35EA9C9D1DA6',0),(40,'zoo10',0,'D8B461B2AC3B4647E3DAB168C93A3F4CDB5EC314873E89AFB737BE8FA851D2E8',1),(41,'cust40',0,'DEA0B82513FC5C5DFFD62655ABB41D5F5722266C1899C3E609259AC1F6429111',0),(42,'zoo30',0,'C279EC62F8D3CCE1D166EBE7A3B06C9BC4E301509F540FB0FA4BB7013F5E012E',1),(43,'zoo40',0,'DEA0B82513FC5C5DFFD62655ABB41D5F5722266C1899C3E609259AC1F6429111',1);
/*!40000 ALTER TABLE `users` ENABLE KEYS */;
UNLOCK TABLES;

--
-- Table structure for table `zoos`
--

DROP TABLE IF EXISTS `zoos`;
/*!40101 SET @saved_cs_client     = @@character_set_client */;
/*!50503 SET character_set_client = utf8mb4 */;
CREATE TABLE `zoos` (
  `id` int NOT NULL AUTO_INCREMENT,
  `created_at` datetime(6) NOT NULL,
  `zoo_phone` varchar(255) NOT NULL,
  `zoo_region` varchar(255) NOT NULL,
  `updated_at` datetime(6) NOT NULL,
  `zoo_name` varchar(255) NOT NULL,
  `user_id` int DEFAULT NULL,
  PRIMARY KEY (`id`),
  KEY `FK2xuqedloqjjp39amei3vublky` (`user_id`),
  CONSTRAINT `FK2xuqedloqjjp39amei3vublky` FOREIGN KEY (`user_id`) REFERENCES `users` (`id`)
) ENGINE=InnoDB AUTO_INCREMENT=21 DEFAULT CHARSET=utf8mb3;
/*!40101 SET character_set_client = @saved_cs_client */;

--
-- Dumping data for table `zoos`
--

LOCK TABLES `zoos` WRITE;
/*!40000 ALTER TABLE `zoos` DISABLE KEYS */;
INSERT INTO `zoos` VALUES (1,'2022-04-24 21:10:11.313064','111','長野県','2022-04-24 21:10:11.313064','かつまた',1),(2,'2022-04-24 21:14:21.539981','222','香川県','2022-04-24 21:14:21.539981','川の中動物園',2),(3,'2022-04-24 23:35:32.769157','444','大阪府','2022-04-24 23:35:32.769157','山本動物園',3),(4,'2022-04-24 23:47:34.952733','1999','香川県','2022-04-24 23:47:34.952733','山本動物園',4),(14,'2022-04-29 20:52:26.838351','111','香川県','2022-04-29 20:52:26.838351','No1',30),(15,'2022-04-29 20:54:27.194692','111','山形県','2022-04-29 20:54:27.194692','No2',31),(16,'2022-04-29 20:56:16.721253','111','長野県','2022-04-29 20:56:16.721253','no3',32),(17,'2022-04-29 20:59:14.128451','123999','栃木県','2022-05-11 15:48:48.024856','五右衛門動物園',33),(18,'2022-05-05 23:34:12.687460','1234','大阪府','2022-05-05 23:34:12.687460','テン動物園',40),(19,'2022-05-08 18:48:15.045966','111','山形県','2022-05-08 18:48:15.045966','三十路動物園',42),(20,'2022-05-11 16:31:30.233883','12345','北海道','2022-05-11 16:31:48.534880','市中動物園',43);
/*!40000 ALTER TABLE `zoos` ENABLE KEYS */;
UNLOCK TABLES;
/*!40103 SET TIME_ZONE=@OLD_TIME_ZONE */;

/*!40101 SET SQL_MODE=@OLD_SQL_MODE */;
/*!40014 SET FOREIGN_KEY_CHECKS=@OLD_FOREIGN_KEY_CHECKS */;
/*!40014 SET UNIQUE_CHECKS=@OLD_UNIQUE_CHECKS */;
/*!40101 SET CHARACTER_SET_CLIENT=@OLD_CHARACTER_SET_CLIENT */;
/*!40101 SET CHARACTER_SET_RESULTS=@OLD_CHARACTER_SET_RESULTS */;
/*!40101 SET COLLATION_CONNECTION=@OLD_COLLATION_CONNECTION */;
/*!40111 SET SQL_NOTES=@OLD_SQL_NOTES */;

-- Dump completed on 2022-05-11 22:02:44
